_id,ags2,bundesland,ags5,kreis,kr_ep,kr_ap,kr_sp,kr_ep_svb,kr_ap_svb,kr_sp_svb,kr_pen_50,kr_pen_150,kr_pen_300,kr_pen_202001,kr_pen_202002,kr_pen_202003,kr_pen_202004,kr_pen_202005,kr_pen_202006,kr_pen_202007,kr_pen_202008,kr_pen_202009,kr_pen_202010,kr_pen_202011
1,1,Schleswig-Holstein,1001,"Flensburg, Stadt",23363,11096,12267,52.4,34.2,27.7,14,7.7,3.6,3,9,-16,-42,-34,8,9,18,13,-3,-8
2,1,Schleswig-Holstein,1002,"Kiel, Landeshauptstadt",61487,27950,33537,49.1,30.3,27.1,13.1,4.6,3.4,-2,2,-17,-44,-35,-7,-11,0,3,-13,-10
3,1,Schleswig-Holstein,1003,"Lübeck, Hansestadt",43805,24823,18982,43.6,31.3,17.9,15,3.9,3,1,6,-12,-36,-28,3,-5,5,6,-9,-7
4,1,Schleswig-Holstein,1004,"Neumünster, Stadt",22314,11699,10615,54.5,38.6,25.9,14.7,4.4,3.6,0,6,-10,-33,-28,1,-8,2,2,-8,2
5,1,Schleswig-Holstein,1051,Dithmarschen,6825,12991,6166,70.8,73.5,-15.8,16.7,4,3.1,-8,-4,-7,-31,-19,27,19,38,39,20,16
6,1,Schleswig-Holstein,1053,Herzogtum Lauenburg,18792,45481,26689,71.7,79.7,-52.4,15.6,4.1,2.9,-6,-2,-11,-32,-26,6,-4,9,16,-2,8
7,1,Schleswig-Holstein,1054,Nordfriesland,10178,12250,2072,66,65.7,-1.6,15.1,6.1,3.2,-12,-7,-12,-38,-18,52,50,73,66,39,8
8,1,Schleswig-Holstein,1055,Ostholstein,16308,27625,11317,65.9,70.8,-16.7,15.2,4.4,2.9,-3,3,-5,-31,-14,43,26,43,43,17,4
9,1,Schleswig-Holstein,1056,Pinneberg,35147,70989,35842,74.2,81,-36.2,7.2,4.1,3.3,-3,3,-12,-34,-27,0,-13,-2,4,-10,0
10,1,Schleswig-Holstein,1057,Plön,10503,28764,18261,74.3,83.8,-68.8,11.4,3.8,2.9,-6,2,-11,-32,-22,27,17,35,31,8,10
11,1,Schleswig-Holstein,1058,Rendsburg-Eckernförde,27975,48145,20170,77.6,81.5,-25.9,12.2,3.6,2.7,-3,4,-4,-27,-18,22,9,25,26,5,9
12,1,Schleswig-Holstein,1059,Schleswig-Flensburg,16894,30921,14027,75.8,79.5,-22.7,11.6,4.8,2.4,2,9,-5,-29,-19,28,15,36,41,12,17
13,1,Schleswig-Holstein,1060,Segeberg,40824,61004,20180,74.7,79.2,-24,12,4.3,3.5,-4,2,-13,-33,-27,3,-10,0,7,-7,1
14,1,Schleswig-Holstein,1061,Steinburg,11550,23339,11789,71.8,76.4,-28.6,21.6,3.6,2.8,-8,-3,-10,-32,-26,4,-9,7,16,1,11
15,1,Schleswig-Holstein,1062,Stormarn,49647,58640,8993,82.1,83.4,-8.6,11.7,5.1,4,-2,4,-10,-31,-24,2,-10,3,9,-7,2
16,2,Hamburg,2000,Hamburg,359520,132332,227188,36.3,17.1,23.2,8.8,6.3,5.2,-3,2,-24,-49,-40,-15,-23,-11,-6,-21,-17
17,3,Niedersachsen,3101,Braunschweig,66069,36715,29354,50,35.4,22.6,10.8,5.5,3.2,3,6,-16,-44,-36,-8,-10,-18,-4,-19,-12
18,3,Niedersachsen,3102,Salzgitter,25372,15819,9553,51.9,39.6,20.4,11.2,4.4,2.6,-1,3,-10,-35,-30,-1,-6,-11,4,-10,-2
19,3,Niedersachsen,3103,Wolfsburg,78664,9872,68792,64.6,17.7,57,6.5,3.8,2.4,-3,3,-20,-54,-44,-19,-13,-30,-13,-25,-20
20,3,Niedersachsen,3151,Gifhorn,14819,44446,29627,68.6,82.4,-78.8,8.4,3.2,2,-3,2,-14,-38,-31,-3,-3,-11,9,-7,3
21,3,Niedersachsen,3153,Goslar,12794,16200,3406,52.1,55.1,-6.5,16.1,5.5,2.9,-1,5,-8,-35,-26,8,6,7,26,9,6
22,3,Niedersachsen,3154,Helmstedt,10184,24462,14278,67.4,80.8,-73.9,9.1,3.9,2.3,2,8,-4,-29,-23,7,4,-1,14,-4,6
23,3,Niedersachsen,3155,Northeim,13838,19483,5645,58.2,62.6,-11.8,10.6,4.3,2.2,-1,2,-9,-30,-26,2,-5,-10,8,-7,2
24,3,Niedersachsen,3157,Peine,11447,32617,21170,60.4,76.1,-65.6,9.7,4.3,2.5,0,5,-8,-30,-26,1,-2,-8,4,-9,3
25,3,Niedersachsen,3158,Wolfenbüttel,10635,32534,21899,65.2,80.7,-84.4,8.8,3.8,2.1,-1,1,-14,-35,-30,-1,-5,-11,3,-13,-2
26,3,Niedersachsen,3159,Göttingen,37075,28805,8270,58.9,55.8,6.9,12,6.1,2.9,1,5,-13,-37,-30,-6,-6,-10,6,-10,-2
27,3,Niedersachsen,3241,Hannover,129166,65199,63967,60.5,54.8,12.7,10.1,5.9,3.5,-4,0,-17,-43,-35,-8,-14,-16,-4,-18,-9
28,3,Niedersachsen,3251,Diepholz,24711,42728,18017,68.9,75.3,-27,10.7,3.8,2.2,-6,-1,-10,-29,-22,7,-1,-6,12,-3,8
29,3,Niedersachsen,3252,Hameln-Pyrmont,14193,18607,4414,56.4,59.1,-6.4,12.4,4.2,2,-2,0,-12,-35,-30,-1,-5,-6,10,-5,1
30,3,Niedersachsen,3254,Hildesheim,23140,35987,12847,60.3,65.1,-13.9,11.1,4.9,2.9,0,2,-12,-35,-32,-5,-9,-13,4,-13,-3
31,3,Niedersachsen,3255,Holzminden,7931,11001,3070,66.1,70.4,-16.1,12.2,3.9,1.7,-2,3,0,-28,-21,27,15,21,49,41,42
32,3,Niedersachsen,3256,Nienburg/Weser,11205,18652,7447,66.2,72.4,-22.3,15.8,3.8,2.1,-9,-6,-11,-30,-26,0,-7,-9,10,-5,5
33,3,Niedersachsen,3257,Schaumburg,14500,28525,14025,71.5,78.2,-30.6,12.2,4.6,2.4,-7,-4,-14,-34,-30,-1,-4,-9,9,-6,2
34,3,Niedersachsen,3351,Celle,13014,21677,8663,58.2,63.9,-16,13.5,4.8,2.7,-2,0,-9,-31,-25,9,5,2,17,-1,7
35,3,Niedersachsen,3352,Cuxhaven,10614,34928,24314,50.8,68.2,-54.8,16.9,4.8,2.3,0,1,-5,-27,-18,18,6,10,26,9,12
36,3,Niedersachsen,3353,Harburg,27389,64612,37223,71.9,82.6,-61.3,10.8,5.2,4,0,3,-11,-31,-25,4,-4,-5,10,-7,3
37,3,Niedersachsen,3354,Lüchow-Dannenberg,3622,5486,1864,68.2,71.8,-12.5,21.9,7.2,3.9,6,9,7,-14,-15,26,30,20,39,20,18
38,3,Niedersachsen,3355,Lüneburg,16367,26786,10419,66,71.3,-18.4,24,4.8,2.8,-4,-1,-13,-33,-26,3,-4,-5,14,-7,0
39,3,Niedersachsen,3356,Osterholz,11107,28945,17838,67.2,80.8,-70.5,8.7,3.9,2.5,-5,-2,-9,-31,-27,1,-5,-3,14,-7,3
40,3,Niedersachsen,3357,Rotenburg (Wümme),14232,25153,10921,66.4,71.5,-17.9,18.2,3.5,2.3,-1,2,-8,-28,-25,7,6,2,15,-2,4
41,3,Niedersachsen,3358,Heidekreis,10997,17426,6429,58.3,63.4,-13.8,18.2,4.3,3,-3,4,-6,-35,-26,11,11,17,26,7,11
42,3,Niedersachsen,3359,Stade,14709,34259,19550,65.5,73.6,-30.4,12,4.1,3,-7,-4,-10,-29,-22,11,3,-2,18,2,7
43,3,Niedersachsen,3360,Uelzen,7222,11351,4129,61.6,66.1,-13,18.6,3.9,2,-4,-1,-10,-32,-27,5,6,4,24,4,8
44,3,Niedersachsen,3361,Verden,20307,26837,6530,70,74,-15.5,10.9,3.8,2.6,-8,-4,-14,-32,-27,-1,-7,-9,2,-11,-4
45,3,Niedersachsen,3401,Delmenhorst,11060,16757,5697,53.9,64.3,-29,9.2,4.7,2.1,4,6,-6,-29,-24,1,-5,-8,6,-13,-6
46,3,Niedersachsen,3402,Emden,19824,4842,14982,60.5,26.1,46.5,9.9,6.9,2.9,8,5,-8,-30,-19,20,22,30,39,20,8
47,3,Niedersachsen,3403,Oldenburg,42782,23860,18922,51.6,36.5,23.8,17.8,6.8,3.2,-3,4,-14,-43,-34,-5,-12,-13,4,-14,-10
48,3,Niedersachsen,3404,Osnabrück,56561,26031,30530,58.4,39.3,31.6,13.9,5.8,2.3,-7,-5,-22,-46,-39,-10,-14,-20,-1,-14,-12
49,3,Niedersachsen,3405,Wilhelmshaven,13013,8258,4755,42.2,31.2,15.9,14.3,6.7,3.6,-1,2,-7,-35,-32,7,-1,1,15,-4,0
50,3,Niedersachsen,3451,Ammerland,19595,24310,4715,65.4,69,-11.6,11.9,4.6,2.4,-2,0,-8,-31,-24,7,-2,2,16,-2,7
51,3,Niedersachsen,3452,Aurich,14706,24267,9561,58.6,63.7,-13.8,8.4,4.9,2.1,-3,-2,-8,-30,-19,24,21,29,46,16,9
52,3,Niedersachsen,3453,Cloppenburg,19204,23662,4458,62.9,65.3,-6.7,11.3,4.3,1.9,-3,-2,-7,-27,-22,12,8,15,31,9,17
53,3,Niedersachsen,3454,Emsland,35474,29311,6163,61.9,60.1,4.5,12.1,4.7,2.1,-4,-1,-8,-34,-26,9,5,6,23,4,12
54,3,Niedersachsen,3455,Friesland,10573,17497,6924,61.5,68.7,-23,11.2,4.9,2.6,4,5,-2,-27,-18,28,20,30,35,12,8
55,3,Niedersachsen,3456,Grafschaft Bentheim,10670,13680,3010,55.3,58.1,-6.5,9.1,3.8,1.9,1,6,-5,-34,-28,6,-1,0,18,-6,5
56,3,Niedersachsen,3457,Leer,12064,26472,14408,61.2,69.9,-29.1,12,4.7,2,-9,-6,-14,-35,-27,8,6,7,22,3,7
57,3,Niedersachsen,3458,Oldenburg,16293,35092,18799,64.3,76.7,-53.1,12.1,6.9,2.7,-3,2,-5,-26,-20,9,-1,-2,12,-5,6
58,3,Niedersachsen,3459,Osnabrück,45856,67829,21973,66.2,71.5,-18.7,9,3.6,1.5,0,3,-7,-27,-22,7,-4,-5,13,-3,4
59,3,Niedersachsen,3460,Vechta,22713,14606,8107,62.8,58.1,11.3,8.9,3,1.3,-11,-7,-14,-32,-24,6,-2,-7,11,-6,5
60,3,Niedersachsen,3461,Wesermarsch,8645,12932,4287,54.8,60.9,-15.6,11.4,3.8,2.4,5,8,2,-24,-15,23,12,11,24,3,8
61,3,Niedersachsen,3462,Wittmund,5611,9921,4310,57.7,67.4,-30,11.3,4.8,2.5,-14,-15,-16,-39,-28,22,14,26,43,21,14
62,4,Bremen,4011,Bremen,118623,46268,72355,42.8,22.3,26.4,12.1,5.4,3.6,-3,2,-15,-41,-34,-9,-13,-16,-3,-19,-11
63,4,Bremen,4012,Bremerhaven,24053,12023,12030,46.6,28.9,24.9,17.1,4.6,2.9,0,4,-9,-33,-27,2,-5,-8,7,-5,2
64,5,Nordrhein-Westfalen,5111,Düsseldorf,261388,88636,172752,62,35.3,41.3,9.6,6.2,3.9,-4,-5,-22,-49,-39,-14,-27,-14,-7,-25,-20
65,5,Nordrhein-Westfalen,5112,Duisburg,86678,86190,488,49.5,48.2,2.6,8.3,3.6,2.3,-1,-1,-12,-36,-28,-3,-16,4,6,-14,-9
66,5,Nordrhein-Westfalen,5113,Essen,129689,85671,44018,51.5,41.2,17.6,8,4,2.6,-1,-2,-15,-40,-32,-5,-19,1,2,-17,-11
67,5,Nordrhein-Westfalen,5114,Krefeld,51443,40345,11098,54,47.9,11.8,9.7,3.9,2.7,0,-3,-10,-33,-27,-1,-16,5,6,-13,-7
68,5,Nordrhein-Westfalen,5116,Mönchengladbach,45183,41910,3273,44.7,42.9,3,10.3,3.6,2.3,2,-1,-10,-32,-26,1,-13,6,8,-11,-5
69,5,Nordrhein-Westfalen,5117,Mülheim an der Ruhr,35644,36651,1007,59.9,59,2.2,8.3,3.8,2.5,-1,-1,-15,-35,-29,-1,-16,6,6,-12,-7
70,5,Nordrhein-Westfalen,5119,Oberhausen,37455,46398,8943,55.9,61.1,-13.2,8.2,3.2,2,3,2,-13,-36,-27,0,-13,4,7,-12,-7
71,5,Nordrhein-Westfalen,5120,Remscheid,21560,17877,3683,47.1,41.8,9.2,4.9,2,1.3,-6,-10,-19,-37,-32,-5,-18,-1,2,-19,-12
72,5,Nordrhein-Westfalen,5122,Solingen,19984,28559,8575,36.3,45,-15.7,5.6,2.9,1.9,3,-1,-11,-32,-26,-3,-19,-3,1,-14,-5
73,5,Nordrhein-Westfalen,5124,Wuppertal,49885,51156,1271,39.8,39,1.3,7.6,3.1,1.9,-4,-6,-16,-38,-33,-9,-21,-8,0,-17,-8
74,5,Nordrhein-Westfalen,5154,Kleve,21991,34949,12958,59.3,64.1,-13.1,13.5,3.2,2.3,5,4,-4,-31,-24,7,-6,13,17,-9,4
75,5,Nordrhein-Westfalen,5158,Mettmann,105401,99582,5819,70.9,70.4,1.6,7.5,3.8,2.4,-8,-7,-16,-35,-30,-4,-19,-9,0,-15,-6
76,5,Nordrhein-Westfalen,5162,Rhein-Kreis Neuss,69252,96144,26892,65.3,70.5,-17.6,8.6,4,2.5,-2,-3,-12,-33,-26,-1,-16,-5,2,-13,-5
77,5,Nordrhein-Westfalen,5166,Viersen,39096,57564,18468,64.9,71.3,-22.4,10.4,3.6,2.3,-1,-2,-7,-27,-22,5,-10,5,9,-10,-1
78,5,Nordrhein-Westfalen,5170,Wesel,53359,84651,31292,66.2,72.7,-23.9,11,3.1,2.1,2,1,-7,-27,-21,8,-8,7,11,-8,-2
79,5,Nordrhein-Westfalen,5314,Bonn,105487,45000,60487,58.8,37.3,34.3,10.8,5.5,3.2,-5,-8,-18,-46,-40,-12,-25,-9,-3,-22,-17
80,5,Nordrhein-Westfalen,5315,Köln,284207,128138,156069,48.8,30.1,26.8,10.3,5.9,3.6,0,-3,-18,-45,-37,-9,-22,-7,-3,-24,-19
81,5,Nordrhein-Westfalen,5316,Leverkusen,37124,35630,1494,56.3,55.5,2,7.4,3.2,1.8,1,0,-14,-37,-31,-3,-18,-1,2,-15,-10
82,5,Nordrhein-Westfalen,5334,Aachen,52956,40310,12646,57.8,55.1,6.1,11.2,3.6,2.3,-1,-3,-10,-34,-27,-1,-15,6,6,-15,-7
83,5,Nordrhein-Westfalen,5358,Düren,28759,43324,14565,65.7,70.8,-17,10.5,3,1.9,1,-1,-6,-26,-23,4,-12,9,8,-9,1
84,5,Nordrhein-Westfalen,5362,Rhein-Erft-Kreis,66708,106224,39516,71.2,77.6,-28.5,9.7,4.1,2.5,-1,-2,-8,-32,-26,0,-15,-4,3,-14,-5
85,5,Nordrhein-Westfalen,5366,Euskirchen,14926,30667,15741,63.7,71.2,-25.9,14.3,3,1.7,-6,-7,-8,-29,-24,5,-9,8,11,-7,1
86,5,Nordrhein-Westfalen,5370,Heinsberg,19341,40145,20804,64.5,72.9,-30.7,12.9,3,1.8,2,-3,-14,-23,-19,5,-7,10,18,0,10
87,5,Nordrhein-Westfalen,5374,Oberbergischer Kreis,31261,35051,3790,65.7,66.8,-3,9.7,2.5,1.4,4,1,-3,-31,-27,1,-10,8,10,-6,2
88,5,Nordrhein-Westfalen,5378,Rheinisch-Bergischer Kreis,35551,68032,32481,63.5,74.4,-42.4,8.4,4,2.4,2,0,-9,-30,-25,2,-14,0,6,-11,-3
89,5,Nordrhein-Westfalen,5382,Rhein-Sieg-Kreis,61543,126885,65342,69.7,78.5,-40.9,10,4,2.3,-2,-4,-9,-32,-27,0,-13,0,5,-12,-4
90,5,Nordrhein-Westfalen,5512,Bottrop,18910,27256,8346,56.4,64,-20.8,6.9,2.8,1.8,6,3,-8,-31,-25,1,-13,6,11,-9,0
91,5,Nordrhein-Westfalen,5513,Gelsenkirchen,44899,48397,3498,53.7,55.3,-3.5,9.8,3,1.9,0,-1,-11,-35,-27,0,-13,7,5,-13,-4
92,5,Nordrhein-Westfalen,5515,Münster,84296,31792,52504,49.4,26.7,31,14,5.2,2.9,2,0,-18,-43,-36,-12,-22,-8,-3,-20,-15
93,5,Nordrhein-Westfalen,5554,Borken,30553,34464,3911,52,53.5,-3.2,11.3,2.6,1.5,3,3,-8,-29,-23,7,-7,8,11,-8,1
94,5,Nordrhein-Westfalen,5558,Coesfeld,24702,44934,20232,60.4,69.7,-30.9,10.9,3,1.9,-1,0,-11,-30,-26,3,-12,6,8,-7,2
95,5,Nordrhein-Westfalen,5562,Recklinghausen,58435,110220,51785,60.1,69.7,-31.6,11.3,3.3,2.1,4,4,-8,-29,-23,4,-11,6,8,-10,-1
96,5,Nordrhein-Westfalen,5566,Steinfurt,38940,63756,24816,60.6,65.8,-15.2,9,3.4,1.7,-2,-1,-11,-33,-25,3,-11,7,8,-9,0
97,5,Nordrhein-Westfalen,5570,Warendorf,25941,47069,21128,57.5,65.3,-22.5,9.4,3.3,1.8,2,2,-7,-29,-23,3,-12,4,9,-8,3
98,5,Nordrhein-Westfalen,5711,Bielefeld,69551,40005,29546,43.8,30.7,19,7.8,4,1.6,2,5,-14,-40,-33,-11,-22,-6,0,-18,-11
99,5,Nordrhein-Westfalen,5754,Gütersloh,70093,46939,23154,65.1,60.7,11.3,7,3.8,2,2,6,-6,-29,-23,-1,-14,-1,8,-10,-1
100,5,Nordrhein-Westfalen,5758,Herford,34994,41891,6897,67.9,70.2,-7.6,6.6,3.3,1.6,-6,-1,-12,-33,-29,-4,-19,-4,2,-13,-4
101,5,Nordrhein-Westfalen,5762,Höxter,11189,21171,9982,53.8,62.2,-22.2,13,4.1,1.6,-6,-4,-2,-26,-21,15,-1,22,30,9,19
102,5,Nordrhein-Westfalen,5766,Lippe,27618,48184,20566,60.6,67,-19.1,7.1,3.7,1.5,-4,0,-11,-34,-30,-3,-18,-2,1,-14,-5
103,5,Nordrhein-Westfalen,5770,Minden-Lübbecke,39115,35936,3179,63.1,62,2.9,9.4,3.8,1.7,-1,4,-8,-30,-25,1,-14,-1,3,-12,-2
104,5,Nordrhein-Westfalen,5774,Paderborn,30069,33771,3702,53.8,54.9,-2.4,10.1,4.5,1.8,6,8,-8,-32,-25,2,-12,4,9,-8,0
105,5,Nordrhein-Westfalen,5911,Bochum,69132,64885,4247,50.2,48.9,2.6,11.1,3.7,2.4,-1,0,-18,-42,-33,-7,-19,0,3,-19,-13
106,5,Nordrhein-Westfalen,5913,Dortmund,112835,82189,30646,45.1,38.5,10.9,12.5,4.4,3,1,1,-16,-39,-31,-7,-18,0,1,-18,-10
107,5,Nordrhein-Westfalen,5914,Hagen,31902,30355,1547,45.1,42.8,4.1,7.6,2.5,1.6,2,2,-12,-31,-24,2,-12,5,8,-11,-4
108,5,Nordrhein-Westfalen,5915,Hamm,22614,27585,4971,37.4,42.1,-8,13.3,3.4,2,7,7,-10,-30,-23,0,-13,2,5,-12,-3
109,5,Nordrhein-Westfalen,5916,Herne,26525,34194,7669,57.3,63,-15.5,9.4,3.1,2,0,1,-12,-30,-23,5,-11,1,10,-11,-4
110,5,Nordrhein-Westfalen,5954,Ennepe-Ruhr-Kreis,48773,63288,14515,65,69.2,-13.7,8,3.1,1.9,-2,-2,-13,-31,-26,-1,-15,-3,5,-11,-2
111,5,Nordrhein-Westfalen,5958,Hochsauerlandkreis,22540,23490,950,45.1,45.7,-1,9,2.6,1.2,8,12,1,-32,-23,14,5,35,35,13,12
112,5,Nordrhein-Westfalen,5962,Märkischer Kreis,36339,37325,986,53.6,53.9,-0.6,6.4,2.1,1.3,3,2,-7,-30,-25,-1,-12,2,7,-9,2
113,5,Nordrhein-Westfalen,5966,Olpe,16738,14428,2310,58.6,58,1.6,6.6,2.1,1.2,1,1,-4,-32,-25,0,-8,10,21,3,15
114,5,Nordrhein-Westfalen,5970,Siegen-Wittgenstein,29024,23669,5355,59.9,58.1,4.2,8,2.6,1.4,8,8,-6,-35,-28,0,-11,8,11,-6,2
115,5,Nordrhein-Westfalen,5974,Soest,28636,37407,8771,58.1,60.9,-7.3,10.4,3.1,1.6,7,7,-5,-26,-21,6,-9,9,13,-6,5
116,5,Nordrhein-Westfalen,5978,Unna,58712,75140,16428,67.9,71.8,-13.8,11.8,3.5,2.3,1,2,-10,-30,-24,2,-12,0,6,-11,-1
117,6,Hessen,6411,Kreisfreie Stadt Darmstadt,72603,31121,41482,69,48.4,40,9.9,5.5,2.7,-8,-2,-23,-49,-42,-17,-26,-19,-5,-28,-23
118,6,Hessen,6412,Kreisfreie Stadt Frankfurt am Main,387518,100930,286588,64.2,32,47.3,9.1,6.4,3,-4,-1,-25,-52,-42,-17,-25,-19,-8,-26,-23
119,6,Hessen,6413,Kreisfreie Stadt Offenbach am Main,33098,39951,6853,68.9,71.2,-7.8,9.1,5,2.2,1,2,-12,-32,-27,0,-9,-7,6,-14,-6
120,6,Hessen,6414,Landeshauptstadt Wiesbaden,77721,50092,27629,56.5,45.4,20.4,8.5,4.9,2.3,-3,2,-12,-36,-30,-5,-17,-12,0,-18,-12
121,6,Hessen,6431,Bergstraße,28725,59515,30790,67.8,77.3,-41.7,12.3,3.4,1.8,-6,0,-12,-32,-25,1,-11,-5,10,-9,-1
122,6,Hessen,6432,Darmstadt-Dieburg,35536,79035,43499,74.4,83.6,-56,9.7,4,1.9,-4,2,-10,-30,-24,1,-12,-7,9,-12,-3
123,6,Hessen,6433,Groß-Gerau,55098,68625,13527,77.8,80.1,-11.3,8.4,4.7,2.1,-6,0,-13,-32,-27,-1,-15,-8,5,-14,-5
124,6,Hessen,6434,Hochtaunus,58121,49330,8791,80,78.5,7.2,7.8,4.8,2.3,-11,-4,-16,-38,-31,-6,-17,-9,6,-15,-4
125,6,Hessen,6435,Main-Kinzig,47646,77266,29620,72.4,77.4,-21.8,12.7,4.1,1.8,-6,-1,-13,-34,-26,-3,-13,-5,9,-10,-1
126,6,Hessen,6436,Main-Taunus,70212,65535,4677,85.4,84.7,4.4,7.5,4.9,2.2,-9,-2,-17,-40,-32,-7,-22,-14,-3,-21,-13
127,6,Hessen,6437,Odenwaldkreis,6291,16130,9839,68,76.2,-34,10.7,2.3,1.2,-4,-2,-4,-31,-31,-3,-12,-5,10,-5,8
128,6,Hessen,6438,Offenbach,72035,87026,14991,78.4,80.9,-12.9,7.7,4.8,2.3,-8,-2,-14,-36,-30,-5,-19,-12,1,-16,-7
129,6,Hessen,6439,Rheingau-Taunus,18709,44798,26089,70.9,81.3,-55.1,14.2,4.4,2,-4,-1,-8,-30,-27,-2,-13,-5,7,-13,-6
130,6,Hessen,6440,Wetterau,32702,68217,35515,71.9,79.8,-39.2,10.7,4.2,1.8,-5,3,-9,-30,-26,-1,-13,-6,9,-11,0
131,6,Hessen,6531,Gießen,34182,35258,1076,73.5,73.8,-0.9,16.5,4.3,1.6,-4,4,-10,-32,-24,4,-10,-2,11,-12,-6
132,6,Hessen,6532,Lahn-Dill,26458,29812,3354,70,71.3,-4.3,9.6,2.6,1.1,-5,-1,-12,-33,-24,4,-11,-5,8,-11,-7
133,6,Hessen,6533,Limburg-Weilburg,19709,30456,10747,73.7,78.2,-20.9,22.5,3.5,1.6,-7,-5,-11,-32,-24,2,-10,0,16,-6,1
134,6,Hessen,6534,Marburg-Biedenkopf,21068,23677,2609,64.5,65.1,-1.9,10.3,3.7,1.7,-13,-5,-14,-32,-24,7,-3,5,22,2,13
135,6,Hessen,6535,Vogelsberg,8765,18118,9353,59.9,69,-29,13.2,3.2,1.2,-10,-6,-11,-26,-18,14,4,15,39,17,31
136,6,Hessen,6611,Kreisfreie Stadt Kassel,64944,26699,38245,57.9,35.4,34.8,10.6,7.1,2.5,-7,1,-19,-42,-34,-9,-18,-11,5,-16,-10
137,6,Hessen,6631,Fulda,21997,17514,4483,70,68.1,6.1,11.7,4.4,1.7,-11,-8,-15,-36,-28,2,-7,2,19,-2,8
138,6,Hessen,6632,Hersfeld-Rotenburg,14759,13314,1445,69.6,68.3,4.3,12.3,5.7,2.1,-5,2,-7,-25,-20,3,-2,8,27,4,12
139,6,Hessen,6633,Kassel,34808,52061,17253,76,80.5,-22.9,7.6,4.9,1.8,-11,-2,-10,-29,-19,15,4,8,28,6,18
140,6,Hessen,6634,Schwalm-Eder,15721,31857,16136,67.4,75,-30.5,9.9,4.4,1.6,-16,-10,-16,-29,-19,25,19,31,51,24,38
141,6,Hessen,6635,Waldeck-Frankenberg,14451,15218,767,59.7,60.4,-1.7,8.6,3.3,1.2,-15,-9,-18,-42,-28,18,16,21,45,20,31
142,6,Hessen,6636,Werra-Meißner,6846,15134,8288,60.2,69,-28.6,12.3,5,1.9,-7,-1,-8,-31,-25,6,4,31,40,14,30
143,7,Rheinland-Pfalz,7111,Stadt Koblenz,50248,16735,33513,66.6,40,44.4,12.6,4.5,1.9,-4,-6,-14,-42,-31,-4,-15,-8,4,-16,-13
144,7,Rheinland-Pfalz,7131,Ahrweiler,10465,24453,13988,69.4,77.3,-40.2,13,3.4,1.8,-2,-7,-3,-28,-24,7,-9,-1,17,-5,4
145,7,Rheinland-Pfalz,7132,Altenkirchen (Ww),12944,24730,11786,80.7,81.9,-31.1,9.7,2.7,1.4,0,0,-1,-23,-23,2,-2,7,27,7,23
146,7,Rheinland-Pfalz,7133,Bad Kreuznach,16390,24122,7732,73,74.5,-13.2,14.3,3.2,1.4,-1,-2,-4,-27,-21,9,-1,4,20,-2,8
147,7,Rheinland-Pfalz,7134,Birkenfeld,6918,9929,3011,66,61.8,-5.4,12.7,3.1,1.4,-5,-7,-10,-36,-28,6,-3,5,15,-6,5
148,7,Rheinland-Pfalz,7135,Cochem-Zell,6326,10466,4140,77.6,75.6,-21,13.5,3.7,1.8,-12,-14,-5,-32,-23,39,42,72,100,63,17
149,7,Rheinland-Pfalz,7137,Mayen-Koblenz,28800,43213,14413,77.8,80.1,-18.6,9.8,3.3,1.7,-2,-5,-2,-24,-19,10,-7,3,22,2,10
150,7,Rheinland-Pfalz,7138,Neuwied,25742,33711,7969,71.8,74.7,-14.5,10.6,3,1.7,-2,-4,-3,-25,-17,15,-4,2,13,-8,3
151,7,Rheinland-Pfalz,7140,Rhein-Hunsrück-Kreis,11163,14483,3320,77.5,75.4,-9.3,14.2,3.3,1.4,-7,-12,-7,-29,-24,9,-6,1,15,-8,-1
152,7,Rheinland-Pfalz,7141,Rhein-Lahn-Kreis,11517,26154,14637,77,78,-40.9,12.9,3.5,1.6,-9,-12,-9,-23,-15,20,4,8,26,2,9
153,7,Rheinland-Pfalz,7143,Westerwaldkreis,21444,33466,12022,83.1,82.6,-16.6,11.3,3.2,1.5,-2,-5,-6,-27,-21,9,-3,4,20,1,9
154,7,Rheinland-Pfalz,7211,Stadt Trier,30386,10103,20283,55.7,27.8,38.6,10.8,6.2,2.3,-5,-9,-15,-42,-34,-5,-10,-6,7,-15,-9
155,7,Rheinland-Pfalz,7231,Bernkastel-Wittlich,10785,13643,2858,71.3,71.2,-6.6,8.8,3.7,1.6,-6,-10,-3,-28,-14,36,28,42,56,21,17
156,7,Rheinland-Pfalz,7232,Eifelkreis Bitburg-Prüm,6921,9083,2162,77.7,69.7,-2.1,9.1,3.7,1.7,-12,-14,-17,-36,-20,29,13,15,37,0,9
157,7,Rheinland-Pfalz,7233,Vulkaneifel,6223,9308,3085,77.2,72.3,-11.4,15.1,3.9,1.6,-5,-9,-6,-32,-17,26,23,31,49,12,15
158,7,Rheinland-Pfalz,7235,Trier-Saarburg,12001,26848,14847,77,82.7,-55.3,7.5,3.7,1.4,-5,-7,-8,-30,-19,21,12,15,35,5,15
159,7,Rheinland-Pfalz,7311,Stadt Frankenthal (Pfalz),13374,11042,2332,69.7,69.3,1.4,9,2.9,1.7,-4,-2,-15,-34,-28,1,-10,-7,8,-10,-1
160,7,Rheinland-Pfalz,7312,Stadt Kaiserslautern,31268,13897,17371,58.5,37.9,33.1,18.8,5.6,2.5,-5,-3,-19,-43,-37,-9,-17,-13,1,-18,-12
161,7,Rheinland-Pfalz,7313,Stadt Landau in der Pfalz,16461,10195,6266,68.7,59.5,22.8,15.7,4.1,2.6,-3,-4,-16,-42,-33,-4,-13,-10,3,-18,-10
162,7,Rheinland-Pfalz,7314,Stadt Ludwigshafen a. Rh.,72300,35225,37075,68.9,50.5,37.2,10.2,4.1,2.6,-2,-2,-14,-34,-28,-4,-15,-11,4,-15,-8
163,7,Rheinland-Pfalz,7315,Stadt Mainz,70677,43189,27488,63,49.4,26.9,10.2,5.5,2.3,-4,-4,-17,-45,-37,-14,-23,-16,-3,-24,-16
164,7,Rheinland-Pfalz,7316,Stadt Neustadt a.d. W.,9964,12606,2642,55.9,61.8,-15.3,11.5,3.8,2.1,-3,-3,-10,-29,-22,6,-9,-5,12,-11,-5
165,7,Rheinland-Pfalz,7317,Stadt Pirmasens,11983,5593,6390,58.1,38.4,32,11.9,3.9,1.8,-4,-12,-16,-32,-25,3,-10,-4,7,-13,1
166,7,Rheinland-Pfalz,7318,Stadt Speyer,20392,10551,9841,69.5,53.9,33.9,7.7,3.2,2.2,-2,0,-13,-36,-26,0,-11,-7,9,-11,-4
167,7,Rheinland-Pfalz,7319,Stadt Worms,17558,17374,184,51,49.9,2.3,13.3,4.1,1.9,-1,0,-13,-31,-25,0,-11,-7,4,-14,-7
168,7,Rheinland-Pfalz,7320,Stadt Zweibrücken,9517,7322,2195,62.1,55.5,14.8,9.4,4.7,2.4,-2,-4,-14,-42,-29,-1,-11,-11,11,-10,3
169,7,Rheinland-Pfalz,7331,Alzey-Worms,12814,35867,23053,76,86.1,-77,13,3.6,1.5,-3,-3,-4,-28,-23,2,-9,-4,12,-8,5
170,7,Rheinland-Pfalz,7332,Bad Dürkheim,14000,34115,20115,72.2,83,-63.4,10,3.5,1.9,-5,-4,-12,-29,-23,3,-11,-6,9,-7,3
171,7,Rheinland-Pfalz,7333,Donnersbergkreis,8385,16500,8115,77.2,80.1,-33,14.9,3.6,1.6,-6,-9,-13,-36,-30,-2,-10,-1,13,-9,3
172,7,Rheinland-Pfalz,7334,Germersheim,22009,30919,8910,79.3,82.7,-20.6,9,3.2,1.9,3,6,-4,-29,-21,7,-5,-5,13,-9,-1
173,7,Rheinland-Pfalz,7335,Kaiserslautern,12239,26951,14712,80.9,87,-58,14.5,3.8,1.6,-2,-4,-10,-34,-27,-1,-10,-4,10,-10,4
174,7,Rheinland-Pfalz,7336,Kusel,3875,18298,14423,79.7,86.2,-115.1,10.3,3.3,1.1,-3,-8,-8,-30,-22,9,-3,5,18,-2,10
175,7,Rheinland-Pfalz,7337,Südliche Weinstraße,15441,27570,12129,79.7,85,-41,11.4,3.5,2,-1,-3,-7,-29,-22,6,-6,1,14,-5,5
176,7,Rheinland-Pfalz,7338,Rhein-Pfalz-Kreis,15684,51388,35704,74.6,88.6,-122.1,8.6,3.1,1.9,1,3,-3,-20,-18,8,-3,1,16,-8,3
177,7,Rheinland-Pfalz,7339,Mainz-Bingen,27713,56113,28400,77,85,-53.8,13.6,3.9,1.8,-5,-4,-9,-33,-27,0,-10,-3,13,-11,-1
178,7,Rheinland-Pfalz,7340,Südwestpfalz,5089,26991,21902,72.7,87.2,-149.4,12.2,3.7,1.7,-2,-4,-8,-28,-17,14,1,6,20,-4,7
179,8,Baden-Württemberg,8111,Stuttgart,257924,97310,160614,60.3,36.4,37.7,9.3,6.1,2.9,-7,-2,-22,-52,-43,-20,-24,-26,-14,-27,-24
180,8,Baden-Württemberg,8115,Böblingen,85429,71434,13995,79.6,78,7.7,7.5,4.2,2,-2,2,-14,-41,-32,-9,-15,-17,-4,-16,-11
181,8,Baden-Württemberg,8116,Esslingen,86275,96300,10025,76.2,77.1,-3.8,6.3,3.9,2,-2,2,-11,-36,-31,-8,-15,-17,-4,-16,-10
182,8,Baden-Württemberg,8117,Göppingen,21457,37878,16421,74,77.4,-15.1,10.2,3.2,1.5,0,2,-4,-28,-25,-2,-11,-13,0,-13,-6
183,8,Baden-Württemberg,8118,Ludwigsburg,76659,105167,28508,76.8,79.9,-15.3,6.3,3.6,1.8,-1,4,-8,-34,-29,-5,-12,-14,0,-14,-7
184,8,Baden-Württemberg,8119,Rems-Murr-Kreis,48717,76142,27425,74,78,-18,5.7,3.1,1.5,-1,3,-6,-30,-25,0,-8,-9,5,-9,-3
185,8,Baden-Württemberg,8121,Heilbronn,44956,27664,17292,63.2,49.6,27.1,10.8,4.1,2,-7,-4,-16,-44,-35,-11,-16,-18,-4,-17,-11
186,8,Baden-Württemberg,8125,Heilbronn,59187,66346,7159,77.9,79.4,-6.9,8.7,3.3,1.7,-1,4,-4,-32,-26,-2,-11,-12,3,-11,-4
187,8,Baden-Württemberg,8126,Hohenlohekreis,22483,14813,7670,76,72.8,11.6,7.1,2.2,1.1,-1,4,-6,-31,-25,7,-2,-4,5,-9,-4
188,8,Baden-Württemberg,8127,Schwäbisch Hall,17851,20175,2324,63.6,64.5,-2.5,8.4,2.9,1.5,5,9,-1,-28,-25,1,-10,-5,5,-10,2
189,8,Baden-Württemberg,8128,Main-Tauber-Kreis,17607,17505,102,64.7,64.6,0.2,9.9,3.8,1.7,-15,-15,-14,-41,-36,-6,-11,-2,13,4,15
190,8,Baden-Württemberg,8135,Heidenheim,15109,17328,2219,63.6,65.2,-4.7,7.7,3,1.3,-4,-1,-8,-34,-29,-2,-8,-7,6,-8,-3
191,8,Baden-Württemberg,8136,Ostalbkreis,27119,29939,2820,63.3,64.1,-2.5,9.4,2.7,1.2,-1,1,-6,-34,-28,-2,-11,-8,4,-10,-2
192,8,Baden-Württemberg,8211,Baden-Baden,20510,11303,9207,67,50,34,12.5,4.8,3,3,4,-7,-36,-30,6,0,4,14,-5,0
193,8,Baden-Württemberg,8212,Karlsruhe,102552,48010,54542,58.3,37.7,33.1,13.5,5.6,3,-3,2,-14,-43,-36,-13,-17,-17,-5,-20,-18
194,8,Baden-Württemberg,8215,Karlsruhe,63297,93022,29725,73.5,77.8,-19.3,9.4,3.7,2,-2,0,-6,-32,-27,-1,-9,-7,6,-8,-2
195,8,Baden-Württemberg,8216,Rastatt,33995,40517,6522,71.3,73.5,-8.3,8.5,2.9,1.9,3,5,-3,-30,-23,8,-3,4,11,-7,-2
196,8,Baden-Württemberg,8221,Heidelberg,62157,24695,37462,69.2,45.2,43.8,14.4,5.7,3.7,-3,-2,-20,-49,-42,-17,-23,-21,-9,-23,-21
197,8,Baden-Württemberg,8222,Mannheim,115480,53072,62408,60.5,39.9,34.3,13,4.6,2.8,-5,-1,-18,-41,-34,-5,-16,-11,-3,-18,-13
198,8,Baden-Württemberg,8225,Neckar-Odenwald-Kreis,9486,23362,13876,65.5,72.9,-26.8,10.9,3.1,1.8,-14,-13,-9,-34,-31,1,-12,-8,7,-2,8
199,8,Baden-Württemberg,8226,Rhein-Neckar-Kreis,72417,120421,48004,76.7,81.9,-28.4,10,3.3,2.1,-5,-1,-12,-33,-28,-3,-14,-11,1,-12,-6
200,8,Baden-Württemberg,8231,Pforzheim,31385,23881,7504,53.6,45.1,15.5,9.6,3.8,2.1,-4,-1,-8,-34,-28,1,-7,-6,7,-10,-4
201,8,Baden-Württemberg,8235,Calw,14693,34894,20201,63.9,74.7,-42.7,9.6,3.2,1.6,4,3,-2,-29,-24,7,0,-1,14,-2,6
202,8,Baden-Württemberg,8236,Enzkreis,29018,50082,21064,74,80.8,-35,7.2,3,1.6,-3,1,-2,-26,-22,4,-5,-5,7,-8,-1
203,8,Baden-Württemberg,8237,Freudenstadt,12605,16770,4165,62.4,65.4,-8.6,12.2,2.8,1.5,8,7,6,-22,-18,13,0,2,13,-3,0
204,8,Baden-Württemberg,8311,Freiburg im Breisgau,69924,25668,44256,54.9,30.5,35.1,11.1,7,4.2,-1,1,-11,-40,-33,-5,-9,-5,3,-13,-11
205,8,Baden-Württemberg,8315,Breisgau-Hochschwarzwald,29709,50782,21073,72.2,77.8,-25,7.9,5.2,2.8,0,0,-4,-28,-22,11,8,17,23,1,3
206,8,Baden-Württemberg,8316,Emmendingen,17202,33888,16686,71.3,78.4,-32.4,6.6,3.8,2.3,0,1,-2,-27,-23,9,3,7,16,-2,4
207,8,Baden-Württemberg,8317,Ortenaukreis,30940,32287,1347,66.3,66.9,-1.7,8.8,3.1,1.7,1,2,-3,-31,-25,9,1,6,13,-5,0
208,8,Baden-Württemberg,8325,Rottweil,17521,19830,2309,67.6,69,-4.5,8.6,2.3,1.1,8,6,14,-20,-18,7,-4,-4,11,-5,2
209,8,Baden-Württemberg,8326,Schwarzwald-Baar-Kreis,20819,20558,261,58,57.9,0.4,8,3,1.9,5,-1,-1,-29,-25,3,-2,0,14,-1,3
210,8,Baden-Württemberg,8327,Tuttlingen,19457,13449,6008,66.8,64,7.8,5.5,2,1.2,2,4,1,-31,-24,1,-4,-11,12,-3,2
211,8,Baden-Württemberg,8335,Konstanz,14407,17745,3338,56.5,57.4,-2.1,9.2,4.7,2.5,1,5,2,-28,-21,10,2,12,19,-3,-1
212,8,Baden-Württemberg,8336,Lörrach,14874,12305,2569,64.6,63.4,2.8,7.1,4.2,2.8,-7,-2,-13,-37,-32,1,-6,2,12,-4,-1
213,8,Baden-Württemberg,8337,Waldshut,8379,9964,1585,63,63.7,-1.8,7,3.4,2,-14,-12,-13,-39,-37,6,7,24,35,19,18
214,8,Baden-Württemberg,8415,Reutlingen,33466,39417,5951,65.3,66.8,-4.5,6.7,3.2,1.5,-4,-2,-11,-36,-30,-3,-13,-13,0,-13,-7
215,8,Baden-Württemberg,8416,Tübingen,30723,38010,7287,64.9,67.7,-8.8,9,4,2.1,-1,2,-6,-34,-29,-3,-10,-9,-1,-15,-8
216,8,Baden-Württemberg,8417,Zollernalbkreis,13901,23627,9726,58.9,64.1,-14.5,9.1,2.7,1.4,3,7,4,-25,-20,12,4,-4,12,-1,7
217,8,Baden-Württemberg,8421,Ulm,64008,21996,42012,67.2,39.7,45.7,12.1,5.5,2.2,-8,-6,-17,-46,-37,-14,-20,-17,-7,-20,-14
218,8,Baden-Württemberg,8425,Alb-Donau-Kreis,20074,50278,30204,66.3,78.1,-54.7,9.2,3.6,1.5,-6,-3,-7,-29,-23,3,-2,2,16,-1,9
219,8,Baden-Württemberg,8426,Biberach,24905,27143,2238,71.4,72.4,-3.4,7.9,2.8,1.4,8,8,4,-23,-16,12,1,8,26,2,7
220,8,Baden-Württemberg,8435,Bodenseekreis,25023,21941,3082,64.8,64.1,2.2,7.6,5.1,2.2,-5,-1,-7,-35,-26,10,4,16,23,0,-3
221,8,Baden-Württemberg,8436,Ravensburg,32244,32505,261,66.3,66.4,-0.5,7.6,3.8,1.6,-1,1,-3,-29,-23,6,-2,2,10,-6,0
222,8,Baden-Württemberg,8437,Sigmaringen,12381,19045,6664,63.9,68.3,-13.8,8.8,2.7,1.3,-7,-8,-6,-33,-31,-4,-6,2,12,-1,8
223,9,Freistaat Bayern,9161,Ingolstadt,65245,20738,44507,61.3,32.4,42.8,12.6,4.3,2.8,-4,-2,-23,-49,-35,-8,-14,-13,-1,-15,-16
224,9,Freistaat Bayern,9162,München,403100,191015,212085,45,27.7,24,8.9,6.1,4.6,-6,-2,-24,-54,-43,-20,-23,-19,-10,-22,-24
225,9,Freistaat Bayern,9163,Rosenheim,23723,14568,9155,67.4,53.4,30,18.8,3.8,2.8,2,1,-14,-49,-39,-10,-17,-12,-7,-19,-24
226,9,Freistaat Bayern,9171,Altötting,17034,15286,1748,76.2,75.4,3.4,10.6,2.9,2,6,5,0,-21,-9,24,10,20,26,10,6
227,9,Freistaat Bayern,9172,Berchtesgadener Land,7099,7271,172,65.2,65.5,-0.5,9,4.2,2.6,-15,-9,-21,-49,-38,7,11,36,42,-6,-10
228,9,Freistaat Bayern,9173,Bad Tölz-Wolfratshausen,10334,24011,13677,65.5,74.7,-35.8,12.8,4,3,5,-1,-10,-33,-26,2,-1,9,11,-4,-5
229,9,Freistaat Bayern,9174,Dachau,19698,46037,26339,74.4,84.4,-63.3,8,3.8,2.7,-2,1,-8,-34,-26,-6,-12,-10,2,-10,-9
230,9,Freistaat Bayern,9175,Ebersberg,22659,43094,20435,79.2,85.9,-46.5,8.2,4.6,3.4,-1,1,-12,-37,-24,-2,-8,-5,5,-5,-5
231,9,Freistaat Bayern,9176,Eichstätt,19818,35908,16090,76.8,83.7,-41.6,8.1,2.5,1.4,-2,-2,-7,-35,-24,1,-8,0,11,-6,-3
232,9,Freistaat Bayern,9177,Erding,20954,38013,17059,74.5,81.6,-38.2,15,4.1,3.1,-3,-2,-17,-44,-35,-2,-16,-15,9,-16,-17
233,9,Freistaat Bayern,9178,Freising,47569,47594,25,79.5,79.5,0.3,15.4,5,3.7,-2,2,-12,-39,-28,-6,-13,-10,3,-9,-7
234,9,Freistaat Bayern,9179,Fürstenfeldbruck,22501,61090,38589,75.3,85.9,-75.7,8.3,4.3,3,-1,2,-8,-34,-26,-3,-9,-6,4,-9,-6
235,9,Freistaat Bayern,9180,Garmisch-Partenkirchen,5074,9330,4256,54.2,59.8,-14.2,16.1,4.5,3,8,10,-6,-42,-29,21,28,58,48,18,-5
236,9,Freistaat Bayern,9181,Landsberg am Lech,16252,24826,8574,75,79.9,-24.1,24.2,3.9,2.6,-2,-3,-9,-33,-24,6,-2,9,15,0,-1
237,9,Freistaat Bayern,9182,Miesbach,13081,16704,3623,73.3,75.9,-10.5,16.8,4,3,2,-2,-10,-36,-25,12,5,20,20,1,-6
238,9,Freistaat Bayern,9183,Mühldorf a.Inn,12838,19955,7117,69.8,74.9,-18.3,19.2,3.3,2.7,-7,-4,-11,-35,-24,2,-7,-1,5,-8,-6
239,9,Freistaat Bayern,9184,München,189150,92379,96771,90.4,84.3,39,8,5.3,3.8,-5,0,-18,-44,-36,-13,-17,-15,-4,-14,-15
240,9,Freistaat Bayern,9185,Neuburg-Schrobenhausen,11904,21783,9879,64.6,72.4,-28.3,10.7,2.9,1.8,-3,0,-3,-25,-15,11,3,6,15,-3,1
241,9,Freistaat Bayern,9186,Pfaffenhofen a.d.Ilm,21001,34562,13561,73.4,80.4,-35.5,21.8,3.5,2.4,0,2,-8,-32,-23,0,-6,-7,5,-8,-3
242,9,Freistaat Bayern,9187,Rosenheim,26852,45270,18418,72.4,77.7,-23,15.6,3.5,2.6,-4,-3,-9,-36,-25,7,3,10,17,-5,-6
243,9,Freistaat Bayern,9188,Starnberg,32015,29542,2473,80.4,79.9,2.5,9.1,5.2,3.8,4,2,-7,-33,-24,2,-2,5,10,-5,-5
244,9,Freistaat Bayern,9189,Traunstein,15725,17987,2262,68.7,69.7,-3,9.8,3.1,2.3,-2,-1,-12,-41,-28,9,9,26,26,2,-10
245,9,Freistaat Bayern,9190,Weilheim-Schongau,15685,21085,5400,68.5,72,-12.4,17.3,3,2.1,1,1,-6,-27,-18,12,5,20,25,4,3
246,9,Freistaat Bayern,9261,Landshut,24493,16624,7869,65.7,54.2,25.1,19.6,3.9,2.7,27,15,-7,-39,-26,-1,-16,-8,1,-10,-12
247,9,Freistaat Bayern,9262,Passau,27263,6325,20938,68.8,32.6,53.6,12.8,8.2,3.5,-14,-7,-16,-51,-33,-3,-4,22,24,2,-4
248,9,Freistaat Bayern,9263,Straubing,18456,8017,10439,61.1,40.3,34.9,15,3.8,2.4,-4,-3,-10,-37,-25,6,-8,-6,10,-4,-5
249,9,Freistaat Bayern,9271,Deggendorf,16266,15977,289,71.3,71,1,14.8,5.1,2,-4,-3,-9,-31,-18,17,14,28,28,7,9
250,9,Freistaat Bayern,9272,Freyung-Grafenau,6016,11743,5727,68.6,75.1,-26.2,10.4,4.9,1.3,1,1,-13,-48,-27,12,18,31,34,-2,-3
251,9,Freistaat Bayern,9273,Kelheim,11977,25818,13841,64.6,73.7,-34.4,13.3,3.1,2.1,-7,-3,-3,-33,-26,4,-4,1,15,-1,2
252,9,Freistaat Bayern,9274,Landshut,21856,39680,17824,75.9,82.6,-38.1,16.5,2.9,2.2,-8,-8,-13,-32,-17,13,5,15,30,10,16
253,9,Freistaat Bayern,9275,Passau,17087,32802,15715,69.1,75.7,-26.8,9.5,4.4,1.7,4,7,-3,-35,-21,10,2,20,27,3,2
254,9,Freistaat Bayern,9276,Regen,6889,9304,2415,69.5,72.8,-12,11.2,3.9,1.1,12,23,-1,-46,-36,25,25,61,51,13,3
255,9,Freistaat Bayern,9277,Rottal-Inn,9555,18933,9378,68.1,74.3,-24,11.2,3.3,2.2,-8,-6,-13,-44,-29,4,0,12,18,-2,0
256,9,Freistaat Bayern,9278,Straubing-Bogen,10801,27008,16207,72.7,82.9,-59.1,12.1,3.6,1.8,-7,-5,-5,-29,-19,10,2,17,15,-2,3
257,9,Freistaat Bayern,9279,Dingolfing-Landau,20938,15046,5892,76.8,72.9,14.6,13.2,2.6,1.9,-1,4,1,-28,-15,14,1,12,17,-1,5
258,9,Freistaat Bayern,9361,Amberg,18055,7245,10810,64.7,41.7,39.5,12.9,4,1.8,-5,-3,-11,-40,-32,-6,-14,-1,6,-9,-9
259,9,Freistaat Bayern,9362,Regensburg,79839,19848,59991,64.1,30,48.7,13.9,4.7,3,-7,-4,-20,-49,-39,-15,-21,-14,-6,-19,-21
260,9,Freistaat Bayern,9363,Weiden i.d.OPf.,18239,6924,11315,65,40.4,41.2,11.6,4.2,2,-5,-4,-17,-46,-36,-2,-5,4,10,-11,-11
261,9,Freistaat Bayern,9371,Amberg-Sulzbach,10497,25454,14957,64.7,76.9,-53,12.4,3.5,1.4,-7,-3,-6,-33,-24,1,-8,0,9,-2,7
262,9,Freistaat Bayern,9372,Cham,12815,13025,210,70.6,72.1,-7,10.7,3.5,1,-7,3,-8,-39,-26,13,4,26,23,2,2
263,9,Freistaat Bayern,9373,Neumarkt i.d.OPf.,12982,20310,7328,64.2,69.1,-15.8,12.6,3.9,1.7,1,2,-5,-33,-27,1,-7,1,8,-5,-4
264,9,Freistaat Bayern,9374,Neustadt a.d.Waldnaab,12979,20639,7660,75.5,81.1,-31.1,10.1,3.5,1.6,-5,6,-4,-42,-32,-4,-6,1,9,-8,2
265,9,Freistaat Bayern,9375,Regensburg,21833,56720,34887,76.2,86.6,-77.4,9.8,3.8,2.2,-5,0,-9,-31,-20,5,-2,9,16,1,5
266,9,Freistaat Bayern,9376,Schwandorf,16900,24477,7577,70.1,73.6,-13.7,11.1,4.2,1.7,-6,0,-7,-34,-23,7,-2,9,16,-1,2
267,9,Freistaat Bayern,9377,Tirschenreuth,8898,12314,3416,69,73.5,-16.9,9.2,2.9,1.3,-2,10,-8,-34,-23,8,3,15,29,7,17
268,9,Freistaat Bayern,9461,Bamberg,37322,12377,24945,69.7,41,48.7,15.2,5.7,2.2,-1,1,-12,-44,-35,-8,-15,-6,6,-11,-16
269,9,Freistaat Bayern,9462,Bayreuth,29036,8619,20417,61.4,30.8,44.2,14.1,6.9,2.8,3,10,-8,-41,-31,-3,-9,2,9,-9,-9
270,9,Freistaat Bayern,9463,Coburg,23859,7027,16832,69.7,39.1,50.2,11.4,4.1,2.5,2,4,-7,-42,-32,-3,-10,-6,7,-12,-17
271,9,Freistaat Bayern,9464,Hof,14435,7172,7263,58.8,40.4,30.9,12.1,6.5,3.8,0,3,-12,-39,-28,-1,-8,-2,8,-3,-7
272,9,Freistaat Bayern,9471,Bamberg,16951,42488,25537,75.8,85.7,-70.5,11.9,3.5,1.2,0,-1,-6,-33,-20,3,-4,8,17,1,4
273,9,Freistaat Bayern,9472,Bayreuth,9321,28966,19645,66.7,81.8,-83.2,10.8,4,1.5,-4,2,-8,-32,-21,6,-3,3,13,-6,1
274,9,Freistaat Bayern,9473,Coburg,13618,22812,9194,71.6,78.6,-32.6,7.5,3,1.9,-1,0,-6,-34,-24,3,-7,-4,5,-9,-6
275,9,Freistaat Bayern,9474,Forchheim,12049,30491,18442,70.9,82,-61,6.9,3.9,1.5,1,2,-9,-36,-24,5,-5,0,11,-6,-5
276,9,Freistaat Bayern,9475,Hof,16218,15998,220,73.5,73.5,-0.1,8.8,4.2,2.5,-10,-4,-9,-36,-28,-2,-6,-3,15,-1,1
277,9,Freistaat Bayern,9476,Kronach,6942,9792,2850,68.4,71.6,-11.8,7.6,3,1.7,-1,0,-6,-35,-24,3,-6,3,11,2,4
278,9,Freistaat Bayern,9477,Kulmbach,9213,11854,2641,66.3,70.1,-12.4,9.6,3.7,1.5,8,12,4,-31,-25,1,-9,0,9,-5,-3
279,9,Freistaat Bayern,9478,Lichtenfels,10376,10740,364,71,71.3,-1.3,8,3.3,1.8,2,3,-3,-33,-22,7,-1,10,17,-2,-1
280,9,Freistaat Bayern,9479,Wunsiedel i.Fichtelgebirge,9525,8111,1414,64.2,62.7,4.2,8.6,4,1.9,-5,1,-10,-40,-27,5,-4,0,13,-9,-5
281,9,Freistaat Bayern,9561,Ansbach,17967,7578,10389,64.2,42.2,38,13.7,4.5,1.5,-6,-7,-15,-45,-33,2,-6,4,8,-10,-13
282,9,Freistaat Bayern,9562,Erlangen,62816,19369,43447,68.8,39.2,48.6,7.4,5.4,1.9,-6,-2,-24,-52,-42,-20,-25,-20,-8,-23,-24
283,9,Freistaat Bayern,9563,Fürth,32234,40790,8556,66.3,70.8,-15.4,7.6,5.5,2,-6,-2,-15,-41,-28,-5,-15,-12,1,-14,-11
284,9,Freistaat Bayern,9564,Nürnberg,162863,71715,91148,52.8,31.8,30.9,9.1,6.4,2.3,-5,-1,-18,-46,-36,-10,-18,-15,-4,-17,-19
285,9,Freistaat Bayern,9565,Schwabach,11330,11426,96,66.7,67.4,-1.9,7.8,5.1,1.8,-5,-1,-10,-37,-27,1,-13,-1,9,-1,-3
286,9,Freistaat Bayern,9571,Ansbach,16739,34582,17843,66.9,74.5,-29.5,9.4,4,1.2,5,5,-4,-30,-21,11,1,6,19,2,3
287,9,Freistaat Bayern,9572,Erlangen-Höchstadt,31010,37954,6944,77.4,80.2,-14.1,6.5,4.5,1.6,-5,-1,-12,-39,-26,-1,-13,-11,0,-12,-12
288,9,Freistaat Bayern,9573,Fürth,13657,37829,24172,74.1,87.1,-99.4,7,4.9,1.7,-5,-2,-10,-33,-24,2,-8,-7,8,-7,-5
289,9,Freistaat Bayern,9574,Nürnberger Land,22506,38658,16152,74.7,80.7,-32.3,7.9,4.7,1.8,-4,-1,-10,-35,-25,2,-8,-1,10,-4,-3
290,9,Freistaat Bayern,9575,Neustadt a.d.Aisch-Bad Windsheim,8884,18757,9873,69.5,76.4,-29.2,10.7,3.7,1.2,4,3,-6,-32,-24,5,-3,3,13,-4,-4
291,9,Freistaat Bayern,9576,Roth,15971,30310,14339,66.7,76.2,-39.6,9.9,4.7,1.9,1,5,-4,-30,-21,7,-2,5,14,-2,1
292,9,Freistaat Bayern,9577,Weißenburg-Gunzenhausen,7066,13479,6413,64.2,69.6,-17.8,14.7,3.2,1.5,7,13,4,-26,-17,32,28,44,49,15,16
293,9,Freistaat Bayern,9661,Aschaffenburg,33171,15571,17600,70.1,51.8,38,9.1,4,2.2,-8,-5,-19,-44,-30,-3,-10,3,14,-2,-1
294,9,Freistaat Bayern,9662,Schweinfurt,40764,7574,33190,76.1,36,62.7,8,4,2.2,-7,-6,-15,-42,-30,-2,-13,-2,8,-7,-10
295,9,Freistaat Bayern,9663,Würzburg,58241,19070,39171,63.7,35.9,43.4,13,6.7,3.1,-12,-9,-22,-48,-37,-9,-17,-7,1,-11,-13
296,9,Freistaat Bayern,9671,Aschaffenburg,23989,43702,19713,77.6,83.7,-37.9,10.9,4,2,-9,-7,-12,-34,-26,0,-9,2,13,-3,1
297,9,Freistaat Bayern,9672,Bad Kissingen,9800,16387,6587,68.1,73.4,-20,11.1,4.4,2.3,-13,-15,-15,-43,-31,4,-1,19,35,18,18
298,9,Freistaat Bayern,9673,Rhön-Grabfeld,9298,10121,823,75.2,76.6,-6,10.6,3.8,1.7,-11,-14,-14,-42,-32,8,0,25,40,22,16
299,9,Freistaat Bayern,9674,Haßberge,8088,15981,7893,71.9,78.5,-30.3,8.9,3.1,1.4,-9,-8,-10,-37,-27,0,-6,21,32,14,15
300,9,Freistaat Bayern,9675,Kitzingen,11151,16159,5008,71.6,75.9,-17.9,9,4,1.4,-8,-5,-6,-30,-19,17,3,15,28,12,9
301,9,Freistaat Bayern,9676,Miltenberg,13320,23133,9813,79.4,83.4,-23.4,10.7,3,1.7,-10,-9,-14,-39,-30,-3,-9,-3,14,-1,9
302,9,Freistaat Bayern,9677,Main-Spessart,12879,20103,7224,69.8,74.1,-16.4,9.2,3.7,1.9,-11,-12,-14,-41,-31,0,-10,1,17,1,4
303,9,Freistaat Bayern,9678,Schweinfurt,12017,34918,22901,78.5,88.5,-88.1,8.1,3.7,1.9,-7,-4,-6,-19,-8,26,18,38,50,23,31
304,9,Freistaat Bayern,9679,Würzburg,19526,47088,27562,80.3,88.4,-69.9,9.9,4.9,2.4,-11,-9,-10,-35,-26,11,-1,4,14,4,12
305,9,Freistaat Bayern,9761,Augsburg,75198,51263,23935,51.8,41.1,18.3,18.2,4.1,2.5,-3,-2,-14,-43,-32,-8,-14,-6,2,-14,-15
306,9,Freistaat Bayern,9762,Kaufbeuren,9970,8978,992,51.5,49.1,4.8,12.6,2.8,1.8,7,9,1,-34,-24,14,5,24,19,3,-11
307,9,Freistaat Bayern,9763,Kempten (Allgäu),21568,13212,8356,59.1,43.9,27.1,8.8,3.3,1.8,0,0,-7,-39,-32,2,2,15,20,2,-7
308,9,Freistaat Bayern,9764,Memmingen,19756,7384,12372,63.6,38.2,41.1,9.6,3.3,1.7,0,0,-8,-35,-24,0,-9,-2,4,-11,-8
309,9,Freistaat Bayern,9771,Aichach-Friedberg,16281,35740,19459,70.4,80.8,-53.8,20,3.3,2.1,-1,-1,-7,-32,-24,0,-11,-1,10,-4,-1
310,9,Freistaat Bayern,9772,Augsburg,36425,64364,27939,77.7,84,-38.9,12.6,3.4,2,-3,0,-5,-28,-21,4,-6,-1,8,-4,-2
311,9,Freistaat Bayern,9773,Dillingen a.d.Donau,9465,17060,7595,68.4,74.3,-23.6,8.9,2,1,-11,-9,-11,-34,-23,1,-7,1,11,-3,1
312,9,Freistaat Bayern,9774,Günzburg,15393,18286,2893,73.2,74.6,-5.9,9.2,2.5,1.3,-3,-2,-5,-31,-21,8,-2,6,15,1,7
313,9,Freistaat Bayern,9775,Neu-Ulm,29796,39575,9779,73.6,76.9,-14.3,9.1,3.7,1.6,-4,-1,-12,-39,-26,0,-10,-4,5,-9,-6
314,9,Freistaat Bayern,9776,Lindau (Bodensee),10574,10143,431,65.1,65,0.4,8.6,5.6,1.9,-4,-2,-12,-40,-32,11,11,26,27,-2,-8
315,9,Freistaat Bayern,9777,Ostallgäu,15657,24707,9050,65.9,71.6,-20,11.6,2.9,1.8,-4,-2,-11,-43,-34,3,-1,19,24,-3,-7
316,9,Freistaat Bayern,9778,Unterallgäu,18491,28897,10406,73.3,78,-21,10.6,2.7,1.5,-5,-1,-7,-29,-21,7,-3,3,15,-2,3
317,9,Freistaat Bayern,9779,Donau-Ries,18050,14700,3350,72.3,70.5,6,10.2,2.4,0.9,1,6,0,-30,-21,3,-4,1,16,-2,3
318,9,Freistaat Bayern,9780,Oberallgäu,16018,25086,9068,67.1,72.5,-19.1,8.2,3.9,1.9,14,19,6,-31,-18,29,22,49,39,11,-6
319,10,Saarland,10041,Regionalverband Saarbrücken,69455,36292,33163,67.5,57.5,23.5,7.3,5.2,2.4,2,-3,-13,-40,-29,-3,-12,-2,7,-14,-6
320,10,Saarland,10042,Landkreis Merzig-Wadern,12238,15307,3069,65.1,68.9,-12.2,7.2,3.8,1.5,-4,-5,-8,-32,-17,15,4,20,27,1,12
321,10,Saarland,10043,Landkreis Neunkirchen,18943,29334,10391,71,76.8,-24.8,6.4,3.8,1.8,-1,-5,-7,-33,-23,4,-9,3,14,-5,7
322,10,Saarland,10044,Landkreis Saarlouis,28014,29634,1620,78.3,78.9,-2.5,6,3.7,1.5,3,-2,-6,-33,-22,5,-8,1,11,-5,5
323,10,Saarland,10045,Saarpfalz-Kreis,35872,24579,11293,73.2,67.7,17.3,7.5,4,1.9,-3,-6,-13,-35,-26,-1,-13,-3,5,-11,-1
324,10,Saarland,10046,Landkreis St. Wendel,10120,16647,6527,68.5,74.9,-25.3,9,3,1.2,-3,-9,-11,-35,-24,4,-5,6,15,-10,1
325,11,Berlin,11000,Berlin,333859,187147,146712,21.7,13.9,9.1,7.9,7.1,5.9,0,3,-19,-45,-39,-8,-19,-12,-4,-23,-16
326,12,Brandenburg,12051,Brandenburg an der Havel,11988,9860,2128,40.5,35.4,7.9,15.8,4.8,2.7,36,44,28,-2,8,53,31,35,33,7,12
327,12,Brandenburg,12052,Cottbus,22027,13174,8853,48,35.4,19.5,16.1,7.2,4.3,-9,-1,-10,-30,-23,12,-1,8,19,-1,4
328,12,Brandenburg,12053,Frankfurt (Oder),14167,6854,7313,47.7,31.8,23.3,17.6,4.9,3.4,-20,-7,-15,-38,-19,21,22,70,74,23,41
329,12,Brandenburg,12054,Potsdam,49621,35557,14064,58.8,49.1,19.3,8.4,6.1,4.3,2,2,-15,-44,-38,-6,-19,-8,-1,-21,-12
330,12,Brandenburg,12060,Barnim,17354,41346,23992,65.2,76.3,-46.7,14.1,5.2,3.9,2,5,-2,-22,-18,22,8,20,31,10,22
331,12,Brandenburg,12061,Dahme-Spreewald,31140,38291,7151,79,80.8,-11.4,15.5,6.1,4.7,-9,-7,-15,-34,-28,10,0,18,23,0,8
332,12,Brandenburg,12062,Elbe-Elster,6708,13343,6635,64.9,71,-20.1,18.2,5.4,3.7,-5,-4,-8,-17,-4,39,26,40,57,38,46
333,12,Brandenburg,12063,Havelland,14905,35879,20974,67.1,77.6,-47,13.5,5.4,3.7,0,3,-6,-26,-18,21,2,13,21,2,12
334,12,Brandenburg,12064,Märkisch-Oderland,19212,44890,25678,74.4,82.9,-50,14.4,5.1,3.8,0,2,-7,-24,-18,19,1,13,24,3,15
335,12,Brandenburg,12065,Oberhavel,19532,47233,27701,67.4,78.2,-48.8,12.7,5.2,4,-6,-2,-10,-27,-21,19,2,12,21,0,9
336,12,Brandenburg,12066,Oberspreewald-Lausitz,14698,16452,1754,67.5,68.5,-3.1,17.6,6.6,3.9,-10,-5,-11,-22,-4,41,23,42,50,25,26
337,12,Brandenburg,12067,Oder-Spree,16730,30960,14230,64.6,71,-24.1,17.2,4.7,3.3,-7,-5,-7,-24,-17,27,13,27,40,17,28
338,12,Brandenburg,12068,Ostprignitz-Ruppin,7470,10709,3239,53.6,57.4,-8.4,19.7,5.5,3,-11,-2,-6,-20,-10,52,43,58,60,33,31
339,12,Brandenburg,12069,Potsdam-Mittelmark,30497,55461,24964,74.3,81.6,-39.2,14.8,6,4.2,-1,3,-7,-26,-21,16,-1,12,18,-4,8
340,12,Brandenburg,12070,Prignitz,5475,7602,2127,58.5,61.7,-8.4,17.6,9.1,2.9,-4,4,5,-14,-5,52,69,69,76,51,44
341,12,Brandenburg,12071,Spree-Neiße,14144,21624,7480,61.9,68.6,-21.3,14.4,6.7,3.8,-6,0,0,-25,-9,32,15,38,49,16,21
342,12,Brandenburg,12072,Teltow-Fläming,30234,37250,7016,71.6,75,-13.1,13.5,4.7,3.6,-9,-2,-3,-20,-15,24,6,19,25,2,12
343,12,Brandenburg,12073,Uckermark,6230,10300,4070,50.2,54.4,-9.7,20.2,6.1,4.4,-15,-5,-4,-31,-13,51,48,78,84,36,30
344,13,Mecklenburg-Vorpommern,13003,"Rostock, Hansestadt",34543,23031,11512,37.7,29.3,11.9,13.5,8.8,4.3,0,1,-10,-35,-24,12,3,25,18,0,-4
345,13,Mecklenburg-Vorpommern,13004,"Schwerin, Landeshauptstadt",25668,10561,15107,51.4,30,30.5,15.8,5.4,2.5,0,-1,-9,-34,-24,10,3,17,20,6,3
346,13,Mecklenburg-Vorpommern,13071,Mecklenburgische Seenplatte,13066,16753,3687,56.2,57.5,-4.3,15.7,7.1,3.4,-11,-6,-5,-22,-5,73,72,103,106,59,38
347,13,Mecklenburg-Vorpommern,13072,Landkreis Rostock,21737,36615,14878,71,76,-22.2,14.7,7.6,3.3,-1,5,1,-22,-11,49,47,67,63,36,21
348,13,Mecklenburg-Vorpommern,13073,Vorpommern-Rügen,8968,18169,9201,57.4,62.1,-13.4,15.4,8.4,4.7,-3,3,0,-29,-11,92,96,136,121,68,18
349,13,Mecklenburg-Vorpommern,13074,Nordwestmecklenburg,10357,25550,15193,63.8,71.3,-32,15.2,4.6,2.2,-2,3,2,-28,-17,28,17,35,34,12,12
350,13,Mecklenburg-Vorpommern,13075,Vorpommern-Greifswald,13241,17280,4039,58.8,59.7,-3.3,14.4,8.4,4.9,-1,7,6,-31,-13,61,60,99,95,44,24
351,13,Mecklenburg-Vorpommern,13076,Ludwigslust-Parchim,13268,35736,22468,67.8,75.2,-35.4,22.4,6.9,2.7,-8,-3,1,-15,-6,47,48,63,66,36,37
352,14,Sachsen,14511,Chemnitz,51919,27847,24072,45.2,30.4,21.3,11,5.3,3.4,1,3,-13,-36,-27,-1,-7,-14,1,-9,-4
353,14,Sachsen,14521,Erzgebirgskreis,18775,35793,17018,66.9,71.6,-16.5,7.6,3.8,2.3,-2,-1,-9,-31,-22,6,0,-5,17,2,10
354,14,Sachsen,14522,Mittelsachsen,27688,40014,12326,67.1,70.3,-10.8,10.8,4.4,3.1,-1,2,-5,-26,-18,9,-3,-6,12,0,7
355,14,Sachsen,14523,Vogtlandkreis,14067,21095,7028,60.7,64.7,-9.7,10.9,5.4,3,-6,-3,-8,-30,-19,8,2,3,20,7,11
356,14,Sachsen,14524,Zwickau,32519,34582,2063,64.4,65.2,-2.1,8.5,3.9,2.5,0,2,-8,-31,-23,4,-4,-9,9,-3,4
357,14,Sachsen,14612,Dresden,96812,56466,40346,36.3,25.1,15,10.7,6.2,4,-6,-1,-16,-43,-33,-4,-8,-16,2,-11,-10
358,14,Sachsen,14625,Bautzen,29256,35824,6568,70.2,72.3,-7.2,11.6,5.1,3.1,-2,3,-5,-26,-13,22,15,11,32,17,16
359,14,Sachsen,14626,Görlitz,12784,18313,5529,61,64.4,-9.5,14.4,6.7,4.4,6,5,-9,-40,-22,16,12,19,42,17,27
360,14,Sachsen,14627,Meißen,29665,35932,6267,69.1,71.2,-7.4,10.1,4.6,3.1,-6,-1,-8,-25,-16,14,6,0,22,5,10
361,14,Sachsen,14628,Sächsische Schweiz-Osterzgebirge,24445,42920,18475,66,72.6,-24.5,7.4,4.4,2.9,-9,-3,-9,-35,-25,9,7,8,25,6,5
362,14,Sachsen,14713,Leipzig,97724,65824,31900,37.1,27.2,13.6,12.8,7.5,4.8,-4,0,-18,-41,-33,-6,-11,-17,-2,-14,-10
363,14,Sachsen,14729,Leipzig,28007,53572,25565,70.2,77.9,-34.3,11.6,5.6,3.7,-5,-1,-9,-27,-22,5,-2,-5,11,-4,5
364,14,Sachsen,14730,Nordsachsen,30436,38043,7607,67.6,71.1,-12,14.8,6.1,4.2,-3,0,-7,-26,-20,6,-4,1,14,-1,8
365,15,Sachsen-Anhalt,15001,Dessau-Roßlau,13304,9967,3337,39.8,33.8,9.5,16.7,6.3,4.2,-3,3,-5,-26,-24,12,-1,-8,2,-10,0
366,15,Sachsen-Anhalt,15002,Halle (Saale),40785,30783,10002,42.1,35.2,10.6,11.7,6.7,3.9,-6,1,-12,-33,-32,-2,-7,-15,1,-13,-3
367,15,Sachsen-Anhalt,15003,Magdeburg,44133,29368,14765,41.8,30.6,16.2,14.4,7.4,3.1,-2,4,-8,-31,-29,1,-7,-13,3,-9,-3
368,15,Sachsen-Anhalt,15081,Altmarkkreis Salzwedel,5973,14016,8043,46.4,59.6,-31.5,23.3,5.7,2.4,-1,8,3,-22,-15,32,19,16,33,11,15
369,15,Sachsen-Anhalt,15082,Anhalt-Bitterfeld,16671,23650,6979,56.7,63.2,-13.8,12.2,6.4,3.9,-1,5,0,-20,-21,13,2,-3,9,-9,2
370,15,Sachsen-Anhalt,15083,Börde,22710,34519,11809,68.1,74.2,-23.4,13.7,5.5,2.3,0,6,2,-16,-16,17,6,5,18,3,12
371,15,Sachsen-Anhalt,15084,Burgenlandkreis,13185,26469,13284,61.2,68.4,-22.6,15,9,5.5,-2,4,-1,-20,-21,14,4,0,16,0,10
372,15,Sachsen-Anhalt,15085,Harz,9502,22083,12581,52.1,60.3,-17.6,15.1,4.3,2.1,2,10,1,-27,-21,23,17,19,32,13,13
373,15,Sachsen-Anhalt,15086,Jerichower Land,8550,16754,8204,58.1,68.1,-30.3,16.8,7.2,3.1,-3,3,0,-18,-17,19,4,7,20,4,15
374,15,Sachsen-Anhalt,15087,Mansfeld-Südharz,8792,17021,8229,61.5,68.5,-21.6,16,6.7,4.1,-7,-2,-5,-23,-22,15,5,0,18,1,8
375,15,Sachsen-Anhalt,15088,Saalekreis,33778,41280,7502,75.9,78.7,-11.6,12.1,6.7,4.2,-1,5,-3,-20,-18,12,1,-3,13,-2,11
376,15,Sachsen-Anhalt,15089,Salzlandkreis,15110,25220,10110,54.8,61.7,-16.1,13.9,5.7,3.1,-4,3,0,-20,-19,14,6,0,16,0,9
377,15,Sachsen-Anhalt,15090,Stendal,6121,13319,7198,53.6,62,-19,21,8.8,3.4,-2,5,0,-17,-12,28,17,17,35,12,22
378,15,Sachsen-Anhalt,15091,Wittenberg,7600,15399,7799,46.4,55.6,-19.7,15.6,5.7,4.1,-2,3,-3,-22,-19,18,5,6,19,4,15
379,16,Thüringen,16051,Erfurt,47698,24244,23454,45.3,27.5,24.6,12.4,6.6,3.8,-2,-2,-16,-36,-31,-5,-12,-18,-2,-16,-8
380,16,Thüringen,16052,Gera,15532,13477,2055,43,39.8,5.3,14.9,7.6,4.7,-5,-4,-9,-32,-26,7,1,-4,8,-12,-1
381,16,Thüringen,16053,Jena,26448,11378,15070,46.4,27.6,26,13.2,6.2,3.9,-2,-3,-22,-46,-39,-13,-16,-24,-7,-18,-10
382,16,Thüringen,16054,Suhl,8472,6439,2033,54.7,45.6,16.8,17.1,6.5,2.7,1,13,7,-17,-6,20,17,13,32,25,41
383,16,Thüringen,16055,Weimar,12280,11757,523,51.4,49.2,4.4,12.1,7.4,3.9,2,3,-7,-25,-22,4,-1,-17,3,-10,-1
384,16,Thüringen,16056,Eisenach,12469,7032,5437,57.3,40,28.8,13.3,6.1,2.9,0,1,-8,-35,-30,0,-5,-6,9,-3,2
385,16,Thüringen,16061,Eichsfeld,9776,15761,5985,70.3,72.4,-15,11.2,4.7,2.3,-4,-3,-4,-26,-20,14,3,3,23,5,16
386,16,Thüringen,16062,Nordhausen,6877,9412,2535,57.2,59.6,-6.8,13.3,5.3,2.6,-1,4,1,-22,-14,33,23,29,41,25,31
387,16,Thüringen,16063,Wartburgkreis,14308,23231,8923,72.2,78.9,-32.8,11.2,4.4,2,-5,-1,-5,-24,-20,7,0,0,20,5,14
388,16,Thüringen,16064,Unstrut-Hainich-Kreis,8513,14044,5531,59.5,64.9,-16.5,13.1,5.9,2.9,0,7,-1,-17,-12,25,7,5,24,3,12
389,16,Thüringen,16065,Kyffhäuserkreis,4512,12840,8328,57.2,68.5,-38.9,17,6.6,3.6,-8,-9,-9,-26,-23,10,3,7,32,17,25
390,16,Thüringen,16066,Schmalkalden-Meiningen,11029,19041,8012,66,70.4,-17.5,12.6,5.2,2.3,-4,1,-7,-30,-21,11,8,8,32,17,25
391,16,Thüringen,16067,Gotha,12528,18795,6267,67.2,70.7,-13.7,9.6,6.3,3.2,-3,-2,-8,-27,-19,11,1,-2,18,0,8
392,16,Thüringen,16068,Sömmerda,9707,13341,3634,73.3,75.6,-18.7,10.7,6.2,3.8,-3,-2,-7,-26,-21,12,4,-2,14,-6,7
393,16,Thüringen,16069,Hildburghausen,4704,13297,8593,66.7,75.2,-40.5,9.9,3.5,1.6,4,8,-2,-22,-14,13,7,2,20,6,9
394,16,Thüringen,16070,Ilm-Kreis,11113,15379,4266,66,69.4,-11.4,10.8,6.3,3.6,-6,0,-4,-23,-18,11,1,-4,18,5,13
395,16,Thüringen,16071,Weimarer Land,10770,19027,8257,68.6,74.7,-33.6,10.7,5.9,3.5,1,3,1,-16,-16,10,-1,-7,8,-6,4
396,16,Thüringen,16072,Sonneberg,6784,9596,2812,62.8,66.3,-10.2,7.8,2.7,1.6,-9,-2,-7,-31,-27,1,-5,-6,14,0,-1
397,16,Thüringen,16073,Saalfeld-Rudolstadt,6153,11946,5793,62.5,68.3,-18.8,10.8,5.1,2.9,-3,-3,-8,-24,-20,11,8,-1,14,-3,4
398,16,Thüringen,16074,Saale-Holzland-Kreis,11034,18380,7346,76.6,79.8,-29,11.3,5.8,3.6,-3,-2,-9,-28,-24,4,-2,-10,8,-6,7
399,16,Thüringen,16075,Saale-Orla-Kreis,7573,11468,3895,69.6,70,-9.7,11,4.7,2.7,-3,-1,0,-18,-17,13,5,12,24,3,14
400,16,Thüringen,16076,Greiz,10843,18785,7942,64.9,72,-27.1,12.4,5.9,3.5,3,3,-1,-20,-16,13,4,6,19,3,13
401,16,Thüringen,16077,Altenburger Land,7139,13135,5996,65,71.7,-25.3,15.2,6.4,4.3,4,6,0,-21,-19,7,-1,-5,12,-6,4